comp,bumber of nodes,global clustering coefficient,transitivity
1,2,0.0,0.0
2,2,0.0,0.0
3,33,0.5616161616161617,0.6059113300492611
4,2,0.0,0.0
