node,degree,centrality,clustering
0,0.0,0.0,0.0
1,0.0,0.0,0.0
2,1.0,0.0,0.0
3,1.0,0.0,0.0
4,0.0,0.0,0.0
5,2.0,0.0,1.0
6,1.0,0.0,0.0
7,2.0,8.0,0.0
8,2.0,8.0,0.0
9,3.0,1.0,0.6666666666666666
10,3.0,1.0,0.6666666666666666
11,2.0,0.0,1.0
12,2.0,12.0,0.0
13,1.0,0.0,0.0
14,2.0,12.0,0.0
15,0.0,0.0,0.0
16,0.0,0.0,0.0
17,0.0,0.0,0.0
18,0.0,0.0,0.0
19,1.0,0.0,0.0
20,2.0,2.0,0.0
21,0.0,0.0,0.0
22,0.0,0.0,0.0
23,1.0,0.0,0.0
