comp,bumber of nodes,global clustering coefficient,transitivity
1,212,0.5853916523727845,0.5703232937275491
2,20,0.6429365079365079,0.627906976744186
