comp,bumber of nodes,global clustering coefficient,transitivity
1,9,0.24074074074074073,0.25
2,11,0.48787878787878786,0.46153846153846156
3,4,0.0,0.0
4,2,0.0,0.0
5,4,1.0,1.0
6,4,0.0,0.0
7,2,0.0,0.0
8,4,0.8333333333333333,0.75
9,2,0.0,0.0
10,2,0.0,0.0
