comp,bumber of nodes,global clustering coefficient,transitivity
1,5,0.4666666666666667,0.5
2,23,0.3855072463768116,0.42857142857142855
3,3,0.0,0.0
4,4,0.0,0.0
5,11,0.6242424242424242,0.5454545454545454
