comp,bumber of nodes,global clustering coefficient,transitivity
1,2,0.0,0.0
2,4,0.5833333333333334,0.6
3,2,0.0,0.0
4,3,1.0,1.0
5,2,0.0,0.0
6,4,0.5833333333333333,0.6
7,3,0.0,0.0
8,2,0.0,0.0
9,2,0.0,0.0
10,2,0.0,0.0
11,2,0.0,0.0
12,3,0.0,0.0
13,3,0.0,0.0
14,2,0.0,0.0
15,3,1.0,1.0
16,2,0.0,0.0
17,5,0.5333333333333333,0.6
18,2,0.0,0.0
19,2,0.0,0.0
20,2,0.0,0.0
21,2,0.0,0.0
22,2,0.0,0.0
23,2,0.0,0.0
24,2,0.0,0.0
25,2,0.0,0.0
