comp,bumber of nodes,global clustering coefficient,transitivity
1,257,0.5528391193760844,0.5672496984318456
2,2,0.0,0.0
3,2,0.0,0.0
4,2,0.0,0.0
