comp,bumber of nodes,global clustering coefficient,transitivity
1,2,0.0,0.0
2,5,0.8666666666666666,0.7894736842105263
3,2,0.0,0.0
4,2,0.0,0.0
5,3,1.0,1.0
6,2,0.0,0.0
