comp,bumber of nodes,global clustering coefficient,transitivity
1,4,0.5833333333333333,0.6
2,10,0.2166666666666667,0.21428571428571427
3,4,0.5833333333333333,0.6
4,9,0.0,0.0
5,3,1.0,1.0
6,2,0.0,0.0
7,2,0.0,0.0
8,2,0.0,0.0
9,6,0.3055555555555555,0.375
10,2,0.0,0.0
11,4,0.5833333333333334,0.6
12,7,0.7904761904761904,0.6923076923076923
13,3,0.0,0.0
14,3,0.0,0.0
15,2,0.0,0.0
16,2,0.0,0.0
17,2,0.0,0.0
18,2,0.0,0.0
19,3,1.0,1.0
20,3,1.0,1.0
