comp,bumber of nodes,global clustering coefficient,transitivity
1,8,0.6458333333333333,0.6818181818181818
2,2,0.0,0.0
3,2,0.0,0.0
4,2,0.0,0.0
