node,degree,centrality,clustering
0,0.0,0.0,0.0
1,2.0,0.0,1.0
2,1.0,0.0,0.0
3,3.0,0.0,1.0
4,1.0,0.0,0.0
5,1.0,0.0,0.0
6,0.0,0.0,0.0
7,0.0,0.0,0.0
8,1.0,0.0,0.0
9,1.0,0.0,0.0
10,3.0,0.0,1.0
11,1.0,0.0,0.0
12,4.0,24.0,0.5
13,0.0,0.0,0.0
14,1.0,0.0,0.0
15,3.0,12.0,0.3333333333333333
16,0.0,0.0,0.0
17,3.0,0.0,1.0
18,3.0,24.0,0.3333333333333333
