comp,bumber of nodes,global clustering coefficient,transitivity
1,427,0.5849263798912511,0.5882161986690473
2,9,0.8148148148148148,0.6428571428571429
3,10,0.6866666666666668,0.75
4,6,0.7777777777777777,0.6923076923076923
5,2,0.0,0.0
6,5,0.0,0.0
7,5,0.7666666666666666,0.6428571428571429
8,3,1.0,1.0
9,3,0.0,0.0
