comp,bumber of nodes,global clustering coefficient,transitivity
1,5,0.8666666666666666,0.6
2,38,0.6832004253056886,0.6105263157894737
