comp,bumber of nodes,global clustering coefficient,transitivity
1,2,0.0,0.0
2,35,0.48732426303854876,0.6
3,33,0.4806637806637806,0.5391705069124424
4,7,0.3333333333333333,0.42857142857142855
5,5,0.4666666666666667,0.5
6,20,0.48666666666666664,0.5346534653465347
7,2,0.0,0.0
8,3,0.0,0.0
9,4,0.5833333333333334,0.6
10,2,0.0,0.0
11,10,0.7533333333333333,0.6268656716417911
12,11,0.43636363636363634,0.5106382978723404
13,5,0.9,0.875
14,18,0.5796296296296296,0.45
15,3,0.0,0.0
16,3,0.0,0.0
17,3,0.0,0.0
18,26,0.3166666666666667,0.379746835443038
19,4,0.0,0.0
20,5,0.8666666666666666,0.6
21,2,0.0,0.0
22,2,0.0,0.0
23,2,0.0,0.0
