comp,bumber of nodes,global clustering coefficient,transitivity
1,4,0.5833333333333333,0.6
2,2,0.0,0.0
3,4,0.0,0.0
4,3,0.0,0.0
5,2,0.0,0.0
6,3,1.0,1.0
7,2,0.0,0.0
8,8,0.20833333333333331,0.375
9,2,0.0,0.0
10,2,0.0,0.0
11,4,0.0,0.0
12,2,0.0,0.0
13,3,0.0,0.0
14,2,0.0,0.0
15,2,0.0,0.0
16,3,1.0,1.0
17,2,0.0,0.0
