comp,bumber of nodes,global clustering coefficient,transitivity
1,2,0.0,0.0
2,3,0.0,0.0
3,2,0.0,0.0
4,2,0.0,0.0
5,3,0.0,0.0
6,2,0.0,0.0
7,3,0.0,0.0
8,8,0.7761904761904761,0.6666666666666666
9,2,0.0,0.0
10,2,0.0,0.0
11,3,0.0,0.0
12,2,0.0,0.0
13,2,0.0,0.0
14,2,0.0,0.0
15,2,0.0,0.0
16,4,0.5833333333333333,0.6
17,2,0.0,0.0
18,2,0.0,0.0
