comp,bumber of nodes,global clustering coefficient,transitivity
1,7,0.8523809523809524,0.7868852459016393
2,55,0.5363636363636363,0.5793650793650794
3,18,0.508994708994709,0.6071428571428571
4,9,0.4703703703703704,0.5555555555555556
5,2,0.0,0.0
6,3,1.0,1.0
7,2,0.0,0.0
8,5,1.0,1.0
9,3,1.0,1.0
