comp,bumber of nodes,global clustering coefficient,transitivity
1,2,0.0,0.0
2,4,0.8333333333333333,0.75
3,2,0.0,0.0
4,2,0.0,0.0
5,2,0.0,0.0
6,3,1.0,1.0
7,2,0.0,0.0
8,4,0.8333333333333333,0.75
9,4,0.8333333333333333,0.75
10,3,0.0,0.0
11,2,0.0,0.0
12,3,0.0,0.0
13,2,0.0,0.0
14,2,0.0,0.0
15,5,0.4666666666666666,0.5
16,2,0.0,0.0
17,2,0.0,0.0
18,3,1.0,1.0
19,2,0.0,0.0
20,2,0.0,0.0
21,2,0.0,0.0
