comp,bumber of nodes,global clustering coefficient,transitivity
1,301,0.5679889047829247,0.5902668759811617
2,2,0.0,0.0
3,2,0.0,0.0
4,2,0.0,0.0
5,6,0.9,0.7142857142857143
6,11,0.2696969696969697,0.4117647058823529
7,53,0.6265163557616388,0.6256938937351308
8,5,0.5333333333333333,0.6
9,27,0.6410213243546578,0.5612244897959183
