comp,bumber of nodes,global clustering coefficient,transitivity
1,2,0.0,0.0
2,2,0.0,0.0
3,2,0.0,0.0
4,2,0.0,0.0
5,3,0.0,0.0
6,3,0.0,0.0
7,2,0.0,0.0
8,4,0.5833333333333334,0.6
9,8,0.20833333333333331,0.3
10,3,1.0,1.0
11,2,0.0,0.0
12,2,0.0,0.0
13,3,1.0,1.0
14,2,0.0,0.0
15,2,0.0,0.0
16,3,0.0,0.0
17,2,0.0,0.0
