comp,bumber of nodes,global clustering coefficient,transitivity
1,3,1.0,1.0
2,9,0.24074074074074073,0.25
3,3,0.0,0.0
4,2,0.0,0.0
5,3,0.0,0.0
6,2,0.0,0.0
7,2,0.0,0.0
8,2,0.0,0.0
9,5,0.0,0.0
10,2,0.0,0.0
11,3,1.0,1.0
12,2,0.0,0.0
13,2,0.0,0.0
14,2,0.0,0.0
15,4,0.5833333333333333,0.6
16,2,0.0,0.0
17,2,0.0,0.0
18,3,1.0,1.0
19,2,0.0,0.0
20,3,1.0,1.0
21,2,0.0,0.0
22,2,0.0,0.0
23,2,0.0,0.0
24,2,0.0,0.0
