comp,bumber of nodes,global clustering coefficient,transitivity
1,53,0.588544474393531,0.5846153846153846
2,7,0.7142857142857143,0.7959183673469388
3,2,0.0,0.0
4,8,0.7708333333333333,0.72
5,2,0.0,0.0
6,9,0.24074074074074073,0.3333333333333333
7,3,0.0,0.0
