comp,bumber of nodes,global clustering coefficient,transitivity
1,13,0.2948717948717949,0.41379310344827586
2,4,1.0,1.0
3,4,0.8333333333333333,0.75
4,2,0.0,0.0
