comp,bumber of nodes,global clustering coefficient,transitivity
1,57,0.5895433027011975,0.5961538461538461
2,8,0.47916666666666663,0.3333333333333333
3,7,0.7428571428571429,0.8571428571428571
4,75,0.5706878306878306,0.6264855687606112
5,3,0.0,0.0
6,62,0.5964518456453939,0.5952797202797203
7,10,0.7833333333333334,0.6964285714285714
8,3,1.0,1.0
9,3,1.0,1.0
