comp,bumber of nodes,global clustering coefficient,transitivity
1,3,0.0,0.0
2,4,1.0,1.0
3,2,0.0,0.0
4,2,0.0,0.0
5,2,0.0,0.0
6,2,0.0,0.0
7,2,0.0,0.0
8,2,0.0,0.0
9,2,0.0,0.0
10,4,0.5833333333333334,0.6
11,2,0.0,0.0
12,4,0.5833333333333334,0.6
13,3,0.0,0.0
14,2,0.0,0.0
