comp,bumber of nodes,global clustering coefficient,transitivity
1,125,0.5836790764790765,0.5724962630792227
2,7,0.6666666666666667,0.5454545454545454
3,2,0.0,0.0
4,4,0.0,0.0
