comp,bumber of nodes,global clustering coefficient,transitivity
1,238,0.600439173338333,0.6075462012320328
2,206,0.6382911317377337,0.6534146341463415
3,5,0.4666666666666666,0.5
4,7,0.0,0.0
5,3,1.0,1.0
6,2,0.0,0.0
7,2,0.0,0.0
8,2,0.0,0.0
9,2,0.0,0.0
10,2,0.0,0.0
