comp,bumber of nodes,global clustering coefficient,transitivity
1,4,0.8333333333333333,0.75
2,2,0.0,0.0
3,2,0.0,0.0
4,4,0.5833333333333333,0.6
5,3,0.0,0.0
6,4,0.0,0.0
7,3,0.0,0.0
8,2,0.0,0.0
9,2,0.0,0.0
10,3,1.0,1.0
11,2,0.0,0.0
12,3,0.0,0.0
