comp,bumber of nodes,global clustering coefficient,transitivity
1,230,0.5183094924399272,0.5729688101655757
2,139,0.5704542859219118,0.5543608124253285
3,10,0.7461904761904762,0.5915492957746479
4,3,1.0,1.0
5,5,0.5333333333333333,0.6
6,6,0.7777777777777777,0.6923076923076923
7,8,0.8398809523809524,0.7840909090909091
8,8,0.0,0.0
9,6,0.3888888888888889,0.42857142857142855
10,11,0.7272727272727273,0.6363636363636364
11,3,0.0,0.0
