comp,bumber of nodes,global clustering coefficient,transitivity
1,13,0.5666666666666667,0.5357142857142857
2,32,0.5588541666666667,0.6538461538461539
