comp,bumber of nodes,global clustering coefficient,transitivity
1,33,0.6154401154401155,0.5842105263157895
2,27,0.6921592810481698,0.6935704514363885
