comp,bumber of nodes,global clustering coefficient,transitivity
1,183,0.586347962172138,0.5867823765020027
2,3,1.0,1.0
3,8,0.6714285714285715,0.6666666666666666
