comp,bumber of nodes,global clustering coefficient,transitivity
1,183,0.5886083558214706,0.5867823765020027
2,3,1.0,1.0
3,8,0.5875,0.6666666666666666
