comp,bumber of nodes,global clustering coefficient,transitivity
1,2,0.0,0.0
2,13,0.4487179487179487,0.5333333333333333
3,7,0.5238095238095238,0.6818181818181818
4,5,0.0,0.0
5,19,0.5385964912280702,0.5571428571428572
6,3,1.0,1.0
7,2,0.0,0.0
8,3,0.0,0.0
9,3,1.0,1.0
10,2,0.0,0.0
