comp,bumber of nodes,global clustering coefficient,transitivity
1,82,0.6223286875725901,0.6154981549815498
2,90,0.5388800705467371,0.5480167014613778
3,15,0.41333333333333333,0.3870967741935484
