comp,bumber of nodes,global clustering coefficient,transitivity
1,7,0.5238095238095238,0.6818181818181818
2,12,0.6571428571428571,0.6057692307692307
3,2,0.0,0.0
4,5,0.3333333333333333,0.42857142857142855
5,14,0.511904761904762,0.5454545454545454
6,10,0.45999999999999996,0.7692307692307693
7,4,1.0,1.0
8,2,0.0,0.0
9,2,0.0,0.0
