comp,bumber of nodes,global clustering coefficient,transitivity
1,504,0.543812272383701,0.56158940397351
2,2,0.0,0.0
3,2,0.0,0.0
4,13,0.41538461538461535,0.46875
