comp,bumber of nodes,global clustering coefficient,transitivity
1,20,0.7121428571428572,0.6033519553072626
2,12,0.7031746031746032,0.8181818181818182
3,17,0.6980859010270775,0.5707964601769911
