comp,bumber of nodes,global clustering coefficient,transitivity
1,6,0.0,0.0
2,2,0.0,0.0
3,4,0.5833333333333333,0.6
4,2,0.0,0.0
5,2,0.0,0.0
6,2,0.0,0.0
7,2,0.0,0.0
8,2,0.0,0.0
9,5,0.3333333333333333,0.42857142857142855
10,2,0.0,0.0
11,2,0.0,0.0
12,2,0.0,0.0
13,2,0.0,0.0
14,2,0.0,0.0
15,2,0.0,0.0
16,2,0.0,0.0
17,2,0.0,0.0
18,2,0.0,0.0
19,2,0.0,0.0
