comp,bumber of nodes,global clustering coefficient,transitivity
1,129,0.5816783560969607,0.589387239418825
2,2,0.0,0.0
3,4,1.0,1.0
4,8,0.5458333333333333,0.6666666666666666
