comp,bumber of nodes,global clustering coefficient,transitivity
1,117,0.5159544159544159,0.5225933202357563
2,3,1.0,1.0
3,29,0.6289272030651342,0.6222222222222222
