comp,bumber of nodes,global clustering coefficient,transitivity
1,193,0.5427173287276914,0.5658274865868758
2,4,0.5833333333333334,0.6
