comp,bumber of nodes,global clustering coefficient,transitivity
1,498,0.5918691415679368,0.5994174128816485
2,3,1.0,1.0
3,3,1.0,1.0
4,3,1.0,1.0
