comp,bumber of nodes,global clustering coefficient,transitivity
1,178,0.5881171263193735,0.5865848312143797
2,3,1.0,1.0
3,15,0.4453968253968254,0.5504587155963303
