comp,bumber of nodes,global clustering coefficient,transitivity
1,2,0.0,0.0
2,22,0.6696969696969698,0.6412213740458015
3,5,0.4666666666666666,0.5
4,10,0.5952380952380952,0.5
5,6,0.8444444444444444,0.7894736842105263
6,2,0.0,0.0
7,3,0.0,0.0
8,2,0.0,0.0
9,2,0.0,0.0
