comp,bumber of nodes,global clustering coefficient,transitivity
1,2,0.0,0.0
2,15,0.3,0.3870967741935484
3,3,0.0,0.0
4,4,0.5833333333333333,0.6
5,2,0.0,0.0
6,14,0.5542517006802722,0.7377049180327869
7,2,0.0,0.0
8,2,0.0,0.0
9,3,1.0,1.0
10,3,0.0,0.0
11,4,0.5833333333333334,0.6
12,2,0.0,0.0
13,5,0.5333333333333333,0.6
14,2,0.0,0.0
15,2,0.0,0.0
