comp,bumber of nodes,global clustering coefficient,transitivity
1,3,1.0,1.0
2,3,1.0,1.0
3,3,0.0,0.0
4,2,0.0,0.0
5,4,0.5833333333333333,0.6
6,4,0.5833333333333333,0.6
7,2,0.0,0.0
8,2,0.0,0.0
9,2,0.0,0.0
10,2,0.0,0.0
11,2,0.0,0.0
12,2,0.0,0.0
13,2,0.0,0.0
14,2,0.0,0.0
15,3,1.0,1.0
16,2,0.0,0.0
17,2,0.0,0.0
18,2,0.0,0.0
19,2,0.0,0.0
20,2,0.0,0.0
21,3,1.0,1.0
22,2,0.0,0.0
23,3,0.0,0.0
24,2,0.0,0.0
25,2,0.0,0.0
