comp,bumber of nodes,global clustering coefficient,transitivity
1,160,0.6320895424020424,0.6100449162923642
2,3,1.0,1.0
3,2,0.0,0.0
4,2,0.0,0.0
