comp,bumber of nodes,global clustering coefficient,transitivity
1,2,0.0,0.0
2,2,0.0,0.0
3,2,0.0,0.0
4,2,0.0,0.0
5,4,0.0,0.0
6,2,0.0,0.0
7,6,0.38888888888888884,0.42857142857142855
8,3,0.0,0.0
9,4,0.8333333333333333,0.75
10,3,1.0,1.0
11,4,0.0,0.0
12,2,0.0,0.0
