comp,bumber of nodes,global clustering coefficient,transitivity
1,20,0.4033333333333333,0.5
2,15,0.49777777777777776,0.5844155844155844
3,2,0.0,0.0
4,2,0.0,0.0
5,4,0.8333333333333333,0.75
6,3,0.0,0.0
7,2,0.0,0.0
8,23,0.6154777589560199,0.6462585034013606
