comp,bumber of nodes,global clustering coefficient,transitivity
1,445,0.5949152844658463,0.5925729442970822
2,4,1.0,1.0
3,3,1.0,1.0
4,2,0.0,0.0
5,2,0.0,0.0
6,2,0.0,0.0
