comp,bumber of nodes,global clustering coefficient,transitivity
1,216,0.5757495590828925,0.5869339785689596
2,4,0.5833333333333333,0.6
3,2,0.0,0.0
