comp,bumber of nodes,global clustering coefficient,transitivity
1,7,0.4523809523809524,0.5294117647058824
2,47,0.4869454422645912,0.570615034168565
