comp,bumber of nodes,global clustering coefficient,transitivity
1,53,0.6265163557616388,0.6256938937351308
2,3,0.0,0.0
3,27,0.6410213243546578,0.5612244897959183
