comp,bumber of nodes,global clustering coefficient,transitivity
1,8,0.20833333333333331,0.2727272727272727
2,8,0.625,0.5625
3,7,0.23809523809523808,0.3333333333333333
4,8,0.6666666666666666,0.5625
5,5,0.0,0.0
6,5,0.0,0.0
7,2,0.0,0.0
8,2,0.0,0.0
9,2,0.0,0.0
10,2,0.0,0.0
11,2,0.0,0.0
12,2,0.0,0.0
13,2,0.0,0.0
14,3,1.0,1.0
15,2,0.0,0.0
16,2,0.0,0.0
17,2,0.0,0.0
18,2,0.0,0.0
19,2,0.0,0.0
20,2,0.0,0.0
