comp,bumber of nodes,global clustering coefficient,transitivity
1,46,0.5269151138716357,0.5934065934065934
2,5,0.9,0.875
3,3,0.0,0.0
4,9,0.37037037037037035,0.45
5,32,0.5026785714285714,0.5491071428571429
6,5,0.5333333333333333,0.6
7,8,0.5,0.6206896551724138
8,16,0.3958333333333333,0.5094339622641509
9,4,0.8333333333333333,0.75
10,3,1.0,1.0
