comp,bumber of nodes,global clustering coefficient,transitivity
1,401,0.5752952602952602,0.5792763157894737
2,7,0.611111111111111,0.5454545454545454
3,2,0.0,0.0
4,2,0.0,0.0
5,2,0.0,0.0
6,2,0.0,0.0
7,3,1.0,1.0
8,8,0.6714285714285715,0.6666666666666666
