comp,bumber of nodes,global clustering coefficient,transitivity
1,69,0.5629054520358868,0.5847457627118644
2,2,0.0,0.0
3,17,0.4988795518207283,0.5480769230769231
4,6,0.5,0.6666666666666666
5,2,0.0,0.0
6,2,0.0,0.0
7,3,0.0,0.0
