comp,bumber of nodes,global clustering coefficient,transitivity
1,5,0.7666666666666666,0.6428571428571429
2,2,0.0,0.0
3,8,0.6208333333333333,0.48
4,4,1.0,1.0
5,2,0.0,0.0
6,6,0.0,0.0
7,4,0.0,0.0
8,2,0.0,0.0
9,3,0.0,0.0
10,3,0.0,0.0
11,4,0.0,0.0
12,7,0.7428571428571429,0.8571428571428571
13,3,1.0,1.0
14,2,0.0,0.0
15,6,0.6388888888888888,0.6818181818181818
16,2,0.0,0.0
17,2,0.0,0.0
18,4,1.0,1.0
19,3,1.0,1.0
20,5,0.0,0.0
21,5,0.7666666666666666,0.6428571428571429
22,2,0.0,0.0
23,2,0.0,0.0
24,2,0.0,0.0
25,2,0.0,0.0
26,5,0.4666666666666666,0.5
27,2,0.0,0.0
28,5,0.0,0.0
29,2,0.0,0.0
30,2,0.0,0.0
31,2,0.0,0.0
32,5,0.4666666666666666,0.5
33,2,0.0,0.0
34,8,0.20833333333333331,0.2727272727272727
35,2,0.0,0.0
36,4,0.8333333333333333,0.75
37,2,0.0,0.0
38,2,0.0,0.0
39,3,0.0,0.0
40,4,0.5833333333333333,0.6
41,2,0.0,0.0
42,3,0.0,0.0
43,2,0.0,0.0
44,2,0.0,0.0
45,3,0.0,0.0
46,2,0.0,0.0
47,2,0.0,0.0
48,4,0.0,0.0
49,2,0.0,0.0
50,2,0.0,0.0
51,5,0.0,0.0
52,2,0.0,0.0
53,3,0.0,0.0
54,2,0.0,0.0
55,2,0.0,0.0
56,2,0.0,0.0
57,2,0.0,0.0
