comp,bumber of nodes,global clustering coefficient,transitivity
1,2,0.0,0.0
2,4,1.0,1.0
3,4,0.5833333333333333,0.6
4,2,0.0,0.0
5,2,0.0,0.0
6,5,0.4333333333333334,0.375
7,3,0.0,0.0
8,3,0.0,0.0
9,3,0.0,0.0
10,2,0.0,0.0
11,2,0.0,0.0
12,2,0.0,0.0
13,2,0.0,0.0
14,2,0.0,0.0
15,3,1.0,1.0
16,2,0.0,0.0
17,2,0.0,0.0
