comp,bumber of nodes,global clustering coefficient,transitivity
1,3,0.0,0.0
2,2,0.0,0.0
3,5,0.4666666666666666,0.5
4,3,0.0,0.0
5,5,0.3333333333333333,0.42857142857142855
6,3,0.0,0.0
7,2,0.0,0.0
8,2,0.0,0.0
9,7,0.6333333333333334,0.6857142857142857
10,3,0.0,0.0
11,2,0.0,0.0
12,2,0.0,0.0
13,5,0.4666666666666666,0.5
14,4,1.0,1.0
15,2,0.0,0.0
16,3,0.0,0.0
17,2,0.0,0.0
18,2,0.0,0.0
