comp,bumber of nodes,global clustering coefficient,transitivity
1,3,0.0,0.0
2,19,0.5368421052631579,0.42857142857142855
3,4,0.0,0.0
4,2,0.0,0.0
5,7,0.0,0.0
6,7,0.5952380952380951,0.6428571428571429
7,4,0.8333333333333333,0.75
8,3,0.0,0.0
9,14,0.527891156462585,0.69
10,2,0.0,0.0
11,3,1.0,1.0
12,3,1.0,1.0
13,3,1.0,1.0
14,2,0.0,0.0
15,2,0.0,0.0
16,2,0.0,0.0
17,2,0.0,0.0
18,3,0.0,0.0
19,3,0.0,0.0
20,2,0.0,0.0
21,2,0.0,0.0
22,3,1.0,1.0
23,2,0.0,0.0
24,2,0.0,0.0
25,4,0.5833333333333333,0.6
26,2,0.0,0.0
27,4,0.0,0.0
28,3,0.0,0.0
29,2,0.0,0.0
30,2,0.0,0.0
31,2,0.0,0.0
32,2,0.0,0.0
33,2,0.0,0.0
34,2,0.0,0.0
35,2,0.0,0.0
