comp,bumber of nodes,global clustering coefficient,transitivity
1,4,0.5833333333333333,0.6
2,3,1.0,1.0
3,3,0.0,0.0
4,4,0.5833333333333333,0.6
5,3,1.0,1.0
6,2,0.0,0.0
7,2,0.0,0.0
8,2,0.0,0.0
9,3,0.0,0.0
10,4,0.5833333333333333,0.6
11,2,0.0,0.0
12,2,0.0,0.0
13,2,0.0,0.0
14,3,0.0,0.0
15,2,0.0,0.0
16,2,0.0,0.0
17,2,0.0,0.0
18,2,0.0,0.0
