node,degree,centrality,clustering
0,0.0,0.0,0.0
1,1.0,0.0,0.0
2,2.0,2.0,0.0
3,1.0,0.0,0.0
4,0.0,0.0,0.0
5,1.0,0.0,0.0
6,1.0,0.0,0.0
7,2.0,0.0,1.0
8,2.0,0.0,1.0
9,2.0,0.0,1.0
10,2.0,0.0,1.0
11,3.0,1.0,0.6666666666666666
12,3.0,1.0,0.6666666666666666
13,2.0,0.0,1.0
14,0.0,0.0,0.0
