comp,bumber of nodes,global clustering coefficient,transitivity
1,4,0.0,0.0
2,5,0.5333333333333333,0.6
3,2,0.0,0.0
4,2,0.0,0.0
5,3,0.0,0.0
6,4,1.0,1.0
7,2,0.0,0.0
8,2,0.0,0.0
9,6,0.0,0.0
10,3,1.0,1.0
11,2,0.0,0.0
12,4,0.0,0.0
13,5,0.5333333333333333,0.6
14,2,0.0,0.0
15,6,0.0,0.0
16,2,0.0,0.0
17,4,0.0,0.0
18,2,0.0,0.0
19,3,1.0,1.0
20,3,0.0,0.0
21,2,0.0,0.0
22,2,0.0,0.0
