comp,bumber of nodes,global clustering coefficient,transitivity
1,2,0.0,0.0
2,2,0.0,0.0
3,4,0.0,0.0
4,2,0.0,0.0
5,2,0.0,0.0
6,3,0.0,0.0
7,2,0.0,0.0
8,6,0.3333333333333333,0.5
9,6,0.7777777777777777,0.6
10,4,0.8333333333333333,0.75
11,2,0.0,0.0
