comp,bumber of nodes,global clustering coefficient,transitivity
1,182,0.5872453706244916,0.588613406795225
2,2,0.0,0.0
3,10,0.38999999999999996,0.4772727272727273
4,2,0.0,0.0
