comp,bumber of nodes,global clustering coefficient,transitivity
1,3,0.0,0.0
2,5,0.3333333333333333,0.42857142857142855
3,3,0.0,0.0
4,2,0.0,0.0
5,4,0.0,0.0
6,2,0.0,0.0
7,4,1.0,1.0
8,5,0.0,0.0
