comp,bumber of nodes,global clustering coefficient,transitivity
1,5,0.0,0.0
2,2,0.0,0.0
3,2,0.0,0.0
4,4,0.0,0.0
5,2,0.0,0.0
6,7,0.5476190476190476,0.6521739130434783
7,3,0.0,0.0
8,4,0.0,0.0
9,2,0.0,0.0
10,3,1.0,1.0
11,3,1.0,1.0
12,2,0.0,0.0
13,2,0.0,0.0
14,2,0.0,0.0
15,6,0.5,0.5
16,2,0.0,0.0
17,4,0.8333333333333333,0.75
18,2,0.0,0.0
19,2,0.0,0.0
20,5,0.7,0.8
21,3,1.0,1.0
22,3,0.0,0.0
23,6,0.38888888888888884,0.42857142857142855
24,2,0.0,0.0
