comp,bumber of nodes,global clustering coefficient,transitivity
1,445,0.6054787035685912,0.5950662862896459
2,11,0.6759740259740259,0.7435897435897436
3,2,0.0,0.0
