comp,bumber of nodes,global clustering coefficient,transitivity
1,11,0.46969696969696967,0.525
2,18,0.49259259259259264,0.5492957746478874
3,74,0.5816816816816817,0.5750507099391481
4,5,0.8666666666666666,0.7894736842105263
5,8,0.8416666666666667,0.78125
6,3,0.0,0.0
7,2,0.0,0.0
8,7,0.5952380952380952,0.7241379310344828
9,4,0.5833333333333333,0.6
