comp,bumber of nodes,global clustering coefficient,transitivity
1,136,0.48929738562091507,0.519134775374376
2,109,0.5942504997550869,0.5648060548722801
3,10,0.7461904761904762,0.5915492957746479
