comp,bumber of nodes,global clustering coefficient,transitivity
1,2,0.0,0.0
2,9,0.6814814814814815,0.6666666666666666
3,2,0.0,0.0
4,31,0.6797235023041475,0.6139240506329114
