comp,bumber of nodes,global clustering coefficient,transitivity
1,2,0.0,0.0
2,5,0.3333333333333333,0.42857142857142855
3,2,0.0,0.0
4,4,0.8333333333333333,0.75
5,2,0.0,0.0
6,3,0.0,0.0
7,2,0.0,0.0
8,2,0.0,0.0
9,2,0.0,0.0
10,3,0.0,0.0
11,2,0.0,0.0
12,2,0.0,0.0
13,2,0.0,0.0
14,2,0.0,0.0
15,3,0.0,0.0
16,2,0.0,0.0
17,2,0.0,0.0
18,2,0.0,0.0
19,2,0.0,0.0
20,2,0.0,0.0
21,2,0.0,0.0
22,3,0.0,0.0
