comp,bumber of nodes,global clustering coefficient,transitivity
1,2,0.0,0.0
2,2,0.0,0.0
3,88,0.6235991912128275,0.6041237113402061
4,2,0.0,0.0
