comp,bumber of nodes,global clustering coefficient,transitivity
1,3,0.0,0.0
2,4,0.5833333333333333,0.6
3,3,0.0,0.0
4,3,0.0,0.0
5,6,0.38888888888888884,0.42857142857142855
6,4,0.0,0.0
7,5,0.3333333333333333,0.42857142857142855
8,4,0.5833333333333333,0.6
9,3,1.0,1.0
10,4,0.8333333333333333,0.75
11,2,0.0,0.0
12,2,0.0,0.0
13,2,0.0,0.0
14,2,0.0,0.0
