comp,bumber of nodes,global clustering coefficient,transitivity
1,2,0.0,0.0
2,2,0.0,0.0
3,3,1.0,1.0
4,2,0.0,0.0
5,3,1.0,1.0
6,2,0.0,0.0
7,6,0.27777777777777773,0.375
8,3,0.0,0.0
9,2,0.0,0.0
10,6,0.0,0.0
11,3,0.0,0.0
12,3,0.0,0.0
13,2,0.0,0.0
14,3,0.0,0.0
15,2,0.0,0.0
16,3,0.0,0.0
17,2,0.0,0.0
18,3,0.0,0.0
19,3,0.0,0.0
20,2,0.0,0.0
21,2,0.0,0.0
22,7,0.738095238095238,0.6363636363636364
23,3,0.0,0.0
24,2,0.0,0.0
25,2,0.0,0.0
