comp,bumber of nodes,global clustering coefficient,transitivity
1,12,0.5027777777777778,0.72
2,9,0.5,0.5
3,4,0.0,0.0
4,11,0.5969696969696968,0.5454545454545454
5,10,0.1,0.23076923076923078
6,5,0.4666666666666666,0.5
7,2,0.0,0.0
8,2,0.0,0.0
9,2,0.0,0.0
