comp,bumber of nodes,global clustering coefficient,transitivity
1,124,0.6275919658035406,0.5873044096728307
2,5,0.4666666666666667,0.5
