comp,bumber of nodes,global clustering coefficient,transitivity
1,295,0.5603228410008072,0.5831610044313146
2,13,0.661111111111111,0.5958904109589042
3,9,0.5814814814814815,0.6666666666666666
4,2,0.0,0.0
5,3,1.0,1.0
6,33,0.6457431457431457,0.6776649746192893
7,9,0.5074074074074074,0.5806451612903226
