comp,bumber of nodes,global clustering coefficient,transitivity
1,2,0.0,0.0
2,5,0.4666666666666666,0.5
3,179,0.5707280305045668,0.5507358636715725
4,2,0.0,0.0
5,3,0.0,0.0
