comp,bumber of nodes,global clustering coefficient,transitivity
1,2,0.0,0.0
2,9,0.6666666666666666,0.6666666666666666
3,44,0.6564033189033188,0.7208480565371025
4,7,0.6666666666666666,0.5454545454545454
5,6,0.611111111111111,0.7142857142857143
6,11,0.5168831168831169,0.65625
7,2,0.0,0.0
8,2,0.0,0.0
