comp,bumber of nodes,global clustering coefficient,transitivity
1,2,0.0,0.0
2,2,0.0,0.0
3,2,0.0,0.0
4,13,0.11538461538461539,0.16666666666666666
5,2,0.0,0.0
6,2,0.0,0.0
7,3,1.0,1.0
8,3,1.0,1.0
9,6,0.6388888888888888,0.6818181818181818
10,4,0.8333333333333333,0.75
11,4,0.0,0.0
12,2,0.0,0.0
13,2,0.0,0.0
14,2,0.0,0.0
15,2,0.0,0.0
16,2,0.0,0.0
17,2,0.0,0.0
18,2,0.0,0.0
19,2,0.0,0.0
20,2,0.0,0.0
