comp,bumber of nodes,global clustering coefficient,transitivity
1,287,0.6049864962756949,0.5931421696410668
2,2,0.0,0.0
3,2,0.0,0.0
