comp,bumber of nodes,global clustering coefficient,transitivity
1,3,1.0,1.0
2,2,0.0,0.0
3,2,0.0,0.0
4,9,0.3333333333333333,0.375
5,4,0.0,0.0
6,2,0.0,0.0
7,5,0.8666666666666666,0.7894736842105263
8,2,0.0,0.0
9,3,0.0,0.0
10,4,0.0,0.0
11,3,1.0,1.0
12,2,0.0,0.0
13,3,0.0,0.0
14,2,0.0,0.0
15,2,0.0,0.0
16,2,0.0,0.0
17,3,0.0,0.0
18,2,0.0,0.0
19,2,0.0,0.0
20,2,0.0,0.0
21,2,0.0,0.0
