comp,bumber of nodes,global clustering coefficient,transitivity
1,2,0.0,0.0
2,4,1.0,1.0
3,3,1.0,1.0
4,5,0.3333333333333333,0.42857142857142855
5,6,0.0,0.0
6,2,0.0,0.0
7,13,0.21538461538461537,0.42857142857142855
8,3,1.0,1.0
9,3,0.0,0.0
10,2,0.0,0.0
11,2,0.0,0.0
