comp,bumber of nodes,global clustering coefficient,transitivity
1,2,0.0,0.0
2,5,0.4666666666666666,0.5
3,5,0.0,0.0
4,8,0.2916666666666667,0.4
5,2,0.0,0.0
6,2,0.0,0.0
7,2,0.0,0.0
8,2,0.0,0.0
9,5,0.4666666666666666,0.5
10,2,0.0,0.0
11,2,0.0,0.0
12,2,0.0,0.0
13,2,0.0,0.0
14,2,0.0,0.0
15,4,0.0,0.0
16,4,0.0,0.0
17,2,0.0,0.0
18,2,0.0,0.0
19,2,0.0,0.0
20,2,0.0,0.0
21,2,0.0,0.0
