comp,bumber of nodes,global clustering coefficient,transitivity
1,3,1.0,1.0
2,4,0.8333333333333333,0.75
3,33,0.5663780663780663,0.5777027027027027
4,3,1.0,1.0
5,5,0.4666666666666667,0.5
6,24,0.4388888888888889,0.5046728971962616
7,3,0.0,0.0
