comp,bumber of nodes,global clustering coefficient,transitivity
1,494,0.6029383684241983,0.5920193470374849
2,7,0.6428571428571429,0.46153846153846156
3,2,0.0,0.0
4,2,0.0,0.0
5,4,0.0,0.0
