comp,bumber of nodes,global clustering coefficient,transitivity
1,2,0.0,0.0
2,3,1.0,1.0
3,5,0.7666666666666666,0.6428571428571429
4,5,0.8666666666666666,0.7894736842105263
5,3,0.0,0.0
6,2,0.0,0.0
7,2,0.0,0.0
8,3,0.0,0.0
9,2,0.0,0.0
10,4,0.0,0.0
11,2,0.0,0.0
12,2,0.0,0.0
13,2,0.0,0.0
14,2,0.0,0.0
15,3,1.0,1.0
