comp,bumber of nodes,global clustering coefficient,transitivity
1,2,0.0,0.0
2,3,0.0,0.0
3,2,0.0,0.0
4,3,1.0,1.0
5,2,0.0,0.0
6,5,0.39999999999999997,0.46153846153846156
7,3,0.0,0.0
8,2,0.0,0.0
9,3,0.0,0.0
10,4,0.5833333333333334,0.6
11,2,0.0,0.0
12,4,0.8333333333333333,0.75
13,4,0.5833333333333333,0.6
14,3,0.0,0.0
15,2,0.0,0.0
16,2,0.0,0.0
17,2,0.0,0.0
18,2,0.0,0.0
19,2,0.0,0.0
20,2,0.0,0.0
21,2,0.0,0.0
22,2,0.0,0.0
23,2,0.0,0.0
