comp,bumber of nodes,global clustering coefficient,transitivity
1,23,0.555072463768116,0.5135135135135135
2,3,0.0,0.0
3,5,0.4666666666666666,0.5
4,5,0.5333333333333333,0.6
5,10,0.4833333333333333,0.45
6,4,0.0,0.0
7,3,1.0,1.0
8,2,0.0,0.0
