comp,bumber of nodes,global clustering coefficient,transitivity
1,2,0.0,0.0
2,6,0.611111111111111,0.5
3,4,1.0,1.0
4,2,0.0,0.0
5,67,0.47043354655294956,0.5211864406779662
6,3,0.0,0.0
7,2,0.0,0.0
