comp,bumber of nodes,global clustering coefficient,transitivity
1,3,1.0,1.0
2,2,0.0,0.0
3,3,1.0,1.0
4,3,1.0,1.0
5,2,0.0,0.0
6,13,0.5564102564102564,0.5714285714285714
7,5,0.0,0.0
8,3,1.0,1.0
9,2,0.0,0.0
10,2,0.0,0.0
11,4,1.0,1.0
12,4,0.5833333333333333,0.6
13,3,0.0,0.0
