node,degree,centrality,clustering
0,0.0,0.0,0.0
1,4.0,0.6666666666666666,0.8333333333333334
2,1.0,0.0,0.0
3,3.0,0.0,1.0
4,4.0,0.6666666666666666,0.8333333333333334
5,3.0,0.0,1.0
6,5.0,8.666666666666666,0.5
7,0.0,0.0,0.0
8,0.0,0.0,0.0
9,1.0,0.0,0.0
10,0.0,0.0,0.0
11,0.0,0.0,0.0
12,2.0,0.0,1.0
13,0.0,0.0,0.0
14,1.0,0.0,0.0
15,2.0,0.0,1.0
16,2.0,0.0,1.0
17,0.0,0.0,0.0
18,0.0,0.0,0.0
