comp,bumber of nodes,global clustering coefficient,transitivity
1,2,0.0,0.0
2,2,0.0,0.0
3,2,0.0,0.0
4,2,0.0,0.0
5,2,0.0,0.0
6,2,0.0,0.0
7,2,0.0,0.0
8,2,0.0,0.0
9,3,0.0,0.0
10,5,0.3333333333333333,0.42857142857142855
11,5,0.7,0.8
12,2,0.0,0.0
13,2,0.0,0.0
14,2,0.0,0.0
15,2,0.0,0.0
16,2,0.0,0.0
17,2,0.0,0.0
18,2,0.0,0.0
19,2,0.0,0.0
20,3,0.0,0.0
21,2,0.0,0.0
22,2,0.0,0.0
