comp,bumber of nodes,global clustering coefficient,transitivity
1,4,0.5833333333333333,0.6
2,2,0.0,0.0
3,2,0.0,0.0
4,7,0.0,0.0
5,2,0.0,0.0
6,2,0.0,0.0
7,2,0.0,0.0
8,2,0.0,0.0
9,3,1.0,1.0
10,3,1.0,1.0
11,2,0.0,0.0
12,3,0.0,0.0
13,2,0.0,0.0
14,3,0.0,0.0
15,3,1.0,1.0
16,2,0.0,0.0
17,4,0.8333333333333333,0.75
18,3,1.0,1.0
19,2,0.0,0.0
20,2,0.0,0.0
21,3,1.0,1.0
22,2,0.0,0.0
23,4,0.5833333333333333,0.6
24,2,0.0,0.0
25,2,0.0,0.0
