comp,bumber of nodes,global clustering coefficient,transitivity
1,3,0.0,0.0
2,2,0.0,0.0
3,2,0.0,0.0
4,4,0.5833333333333333,0.6
5,3,1.0,1.0
6,2,0.0,0.0
7,2,0.0,0.0
8,5,0.0,0.0
9,3,1.0,1.0
10,2,0.0,0.0
11,3,0.0,0.0
12,2,0.0,0.0
13,3,1.0,1.0
14,2,0.0,0.0
15,3,0.0,0.0
16,4,0.5833333333333333,0.6
17,2,0.0,0.0
18,2,0.0,0.0
