comp,bumber of nodes,global clustering coefficient,transitivity
1,74,0.5150900900900901,0.5198019801980198
2,7,0.8428571428571429,0.7659574468085106
3,5,0.8666666666666666,0.7894736842105263
4,25,0.6028398268398268,0.6284916201117319
5,5,0.7,0.8
6,4,1.0,1.0
7,9,0.6777777777777777,0.6136363636363636
8,3,0.0,0.0
9,48,0.5194444444444444,0.5448430493273543
10,3,1.0,1.0
