comp,bumber of nodes,global clustering coefficient,transitivity
1,2,0.0,0.0
2,2,0.0,0.0
3,4,0.0,0.0
4,2,0.0,0.0
5,2,0.0,0.0
6,2,0.0,0.0
7,4,0.5833333333333334,0.6
8,4,0.5833333333333333,0.6
9,2,0.0,0.0
10,2,0.0,0.0
11,3,0.0,0.0
12,3,0.0,0.0
13,2,0.0,0.0
14,2,0.0,0.0
