comp,bumber of nodes,global clustering coefficient,transitivity
1,27,0.6906525573192239,0.6701030927835051
2,323,0.5600009381743127,0.5770567786790266
3,8,0.25,0.42857142857142855
4,2,0.0,0.0
5,3,1.0,1.0
6,3,1.0,1.0
