comp,bumber of nodes,global clustering coefficient,transitivity
1,4,0.0,0.0
2,2,0.0,0.0
3,2,0.0,0.0
4,23,0.42173913043478267,0.526595744680851
5,5,0.7666666666666666,0.6428571428571429
6,2,0.0,0.0
7,8,0.20833333333333331,0.2727272727272727
8,28,0.46649659863945575,0.5208333333333334
9,2,0.0,0.0
10,8,0.5416666666666666,0.47368421052631576
11,2,0.0,0.0
