comp,bumber of nodes,global clustering coefficient,transitivity
1,2,0.0,0.0
2,2,0.0,0.0
3,2,0.0,0.0
4,2,0.0,0.0
5,2,0.0,0.0
6,4,0.5833333333333333,0.6
7,2,0.0,0.0
8,2,0.0,0.0
9,3,0.0,0.0
10,3,0.0,0.0
11,2,0.0,0.0
12,4,0.0,0.0
13,2,0.0,0.0
14,2,0.0,0.0
15,2,0.0,0.0
16,2,0.0,0.0
17,5,0.4666666666666666,0.5
18,2,0.0,0.0
19,2,0.0,0.0
20,2,0.0,0.0
21,3,0.0,0.0
22,2,0.0,0.0
23,2,0.0,0.0
24,2,0.0,0.0
25,2,0.0,0.0
26,2,0.0,0.0
